scientific_name,common_name
Lactuca serriola,prickly lettuce
Ornithogalum nutans,Drooping Star-of-Bethlehem
Acacia saligna,golden wreath wattle
Hirschfeldia incana,Shortpod Mustard
Asteraceae,"sunflowers, daisies, asters, and allies"
Bellardia trixago,Mediterranean lineseed
Daucus carota,wild carrot
Trifolium stellatum,Star Clover
Poaceae,grasses
Magnoliopsida,dicots
Magnoliopsida,dicots
Anthericum,
Lysimachia arvensis,scarlet pimpernel
Oenothera lindheimeri,clockweed
Bituminaria bituminosa,arabian pea
Pinus brutia,Turkish pine
Urtica,nettles
Lolium,Ryegrasses
Gladiolus italicus,Field Gladiolus
Salvia fruticosa,Greek Sage
Euphorbia peplus,Petty Spurge
Orchis anatolica,Anatolian Orchid
Asphodelus ramosus,Branched Asphodel
Euphorbia characias,Mediterranean spurge
Cytinus ruber,
Bellardia viscosa,Yellow Glandweed
Ptilostemon chamaepeuce,Shrubby Knapweed
Tordylium apulum,Mediterranean Hartwort
Stachys spinulosa,
Echium plantagineum,purple viper's-bugloss
Phlomis,Jerusalem Sage
Knautia arvensis,Field Scabious
Cistus creticus,Hoary Rock-rose
Cistus salviifolius,Sage-leaved Rock-rose
Lavandula stoechas,topped lavender
Pinus brutia,Turkish pine
Hordeum murinum,wall barley
Origanum onites,Pot Marjoram
Lysimachia arvensis,scarlet pimpernel
Campanula,bellflowers
Fritillaria sibthorpiana,
Dracunculus vulgaris,dragon arum
Allium neapolitanum,Naples garlic
Lactuca serriola,prickly lettuce
Paliurus spina-christi,Jerusalem Thorn
Anacamptis sancta,Holy Orchid
Ornithogalum umbellatum,common star-of-Bethlehem
Securigera varia,purple crownvetch
Knautia arvensis,Field Scabious
Hypericum,St. John's worts
Hypericum perforatum,common St. John's-wort
Euphorbia acanthothamnos,Greek spiny spurge
Helichrysum arenarium,Dwarf Everlasting
Pinus brutia,Turkish pine
Lysimachia arvensis caerulea,Blue Scarlet Pimpernel
Anacamptis sancta,Holy Orchid
Paliurus spina-christi,Jerusalem Thorn
Trifolium argutum,Sharp-tooth Clover
Daucus carota,wild carrot
Ficus carica,common fig
Spartium junceum,Spanish Broom
Trifolium arvense,rabbitfoot clover
Sonchus asper,prickly sowthistle
Vicia,Vetches
Magnoliopsida,dicots
Magnoliopsida,dicots
Carduus,plumeless thistles
Bromus,bromes
Geranium purpureum,Little-Robin
Ranunculus muricatus,Rough-fruited buttercup
Carduus,plumeless thistles
Sonchus,sow thistles
Trifolium stellatum,Star Clover
Cichorium pumilum,Wild Endive
Centaurea urvillei,d´Urvilles Star-thistle
Arbutus andrachne,Greek strawberry-tree
Chondrilla juncea,Rush Skeletonweed
Ferula communis,Giant Fennel
Ranunculus muricatus,Rough-fruited buttercup
Satureja thymbra,Thyme-leaved Savory
Mercurialis annua,Annual mercury
Lantana,
Avena sterilis,animated oat
Poaceae,grasses
Ophrys apifera,Bee Orchid
Vicia cretica,Cretan Vetch
Tuberaria guttata,Spotted Rock-rose
Trifolium repens,white clover
Verbascum,mulleins
Verbascum thapsus,great mullein
Glebionis coronaria,Garland Daisy
Serapias,Tongue Orchid
Medicago polymorpha,bur clover
Lysimachia arvensis,scarlet pimpernel
Poaceae,grasses
Fumaria judaica,Judean Fumitory
Leopoldia comosa,Tassel Hyacinth
Echium italicum,Pale Bugloss
Laurus nobilis,Bay laurel
Limonium sinuatum,Blue statice
Sonchus asper,prickly sowthistle
Cichorieae,
Poaceae,grasses
Vicia sativa,Common Vetch
Glebionis coronaria,Garland Daisy
Malva sylvestris,Common Mallow
Pallenis spinosa,Spiny Starwort
Daucus carota,wild carrot
Poa pratensis,Smooth Meadow-grass
Eucalyptus,eucalyptus
Silybum marianum,milk thistle
Ricinus communis,castor bean
Prunella vulgaris,common selfheal
Erica,Heaths
Papaver rhoeas,common poppy
Hypericum perforatum,common St. John's-wort
Nerium oleander,oleander
Vitex agnus-castus,Lilac chaste tree
Paliurus spina-christi,Jerusalem Thorn
Verbascum cariense,
Urospermum picroides,False Hawkbit
Magnoliopsida,dicots
Nicotiana glauca,tree tobacco
Cyperus rotundus,Purple nutsedge
Crepis commutata,
Vicia sativa,Common Vetch
Daucus carota,wild carrot
Daucus carota,wild carrot
Phoenix dactylifera,Date Palm
Papaver rhoeas,common poppy
Centaurea iberica,Iberian star-thistle
Malva punctata,Spotted-stalked Tree-mallow
Lotus corniculatus,bird's-foot trefoil
Dittrichia viscosa,false yellowhead
Nerium oleander,oleander
Knautia integrifolia,Urville´s Widowflower
Chenopodium album,Common Lambsquarters
Alhagi graecorum,Camel's Thorn
Ricinus communis,castor bean
Polygonum aviculare,Prostrate Knotweed
Pyrus spinosa,Almond-leaved pear
Ferula communis,Giant Fennel
Ipomoea indica,oceanblue morning glory
Pallenis spinosa,Spiny Starwort
Malva multiflora,Cretan Tree-mallow
Ranunculus muricatus,Rough-fruited buttercup
Silene cariensis,
Scolymus hispanicus,common golden thistle
Carthamus lanatus,woolly distaff thistle
Lagoecia cuminoides,Fluffy Thimbleweed
Arum dioscoridis,Dioscorides Arum
Velezia rigida,Stiff Velezia
Sarcopoterium spinosum,Spiny Burnet
Pistacia lentiscus,mastic
Anagyris foetida,Bean Trefoil
Erica manipuliflora,Autumn Heather
Asparagus aphyllus,Mediterranean Asparagus
Lamiaceae,mint family
Malva punctata,Spotted-stalked Tree-mallow
Atriplex portulacoides,Sea-purslane
Daucus carota,wild carrot
Centaurea solstitialis,Yellow Star-Thistle
Capparis spinosa,Caper Bush
Juncus acutus,spiny rush
Briza maxima,Greater Quaking Grass
Juniperus phoenicea,
Dianthus tripunctatus,Three-spotted Pink
Malva punctata,Spotted-stalked Tree-mallow
Lolium multiflorum,Italian Ryegrass
Carlina lanata,Woolly Carline-thistle
Carthamus lanatus,woolly distaff thistle
Malva punctata,Spotted-stalked Tree-mallow
Origanum onites,Pot Marjoram
Ceratonia siliqua,carob tree
Taraxacum,dandelions
Campsis radicans,American trumpet vine
Carpobrotus edulis,sea fig
Mesembryanthemum cordifolium,heart-leaf ice plant
Oenothera lindheimeri,clockweed
Cyperus rotundus,Purple nutsedge
Daucus carota,wild carrot
Centaurium erythraea,Common centaury
Origanum onites,Pot Marjoram
Carthamus lanatus,woolly distaff thistle
Onopordum,cotton thistles
Parietaria judaica,pellitory-of-the-wall
Daucus carota,wild carrot
Verbascum sinuatum,wavyleaf mullein
Capparis spinosa,Caper Bush
Avena sterilis,animated oat
Allium ampeloprasum,Wild Leek
Crepis commutata,
Acacia mearnsii,black wattle
Plantago lanceolata,ribwort plantain
Parthenocissus quinquefolia,Virginia creeper
Pinus brutia,Turkish pine
Olea europaea,Olive
Poaceae,grasses
Schinus molle,Peruvian Pepper Tree
Ferula communis,Giant Fennel
Pseudodictamnus acetabulosus,False Dittany
Acacia saligna,golden wreath wattle
Lactuca serriola,prickly lettuce
Poaceae,grasses
Crepis fraasii,
Glebionis coronaria,Garland Daisy
Malva multiflora,Cretan Tree-mallow
Ricinus communis,castor bean
Lactuca serriola,prickly lettuce
Pyrus spinosa,Almond-leaved pear
Hirschfeldia incana,Shortpod Mustard
Malva multiflora,Cretan Tree-mallow
Duranta erecta,skyflower
Glebionis coronaria,Garland Daisy
Matricaria chamomilla,German Chamomile
Cyperus rotundus,Purple nutsedge
Poaceae,grasses
Melia azedarach,Chinaberry
Polypogon monspeliensis,rabbitfoot grass
Phillyrea latifolia,Green Olive Tree
Daucus carota,wild carrot
Helminthotheca echioides,bristly oxtongue
Nicotiana glauca,tree tobacco
Xanthium orientale,Californian burr
Knautia degenii,
Cynanchum acutum,Stranglewort
Alhagi graecorum,Camel's Thorn
Echium plantagineum,purple viper's-bugloss
Cichorium pumilum,Wild Endive
Pinus brutia,Turkish pine
Daucus carota,wild carrot
Heliotropium europaeum,European heliotrope
Melilotus sulcatus,furrowed melilot
Daucus carota,wild carrot
Teucrium capitatum,Felty Germander
Heliotropium europaeum,European heliotrope
Cichorium pumilum,Wild Endive
Malva,Mallows
Daucus carota,wild carrot
Thymbra capitata,Spanish Oregano
Thymbra,
Origanum vulgare,Oregano
Verbascum sinuatum,wavyleaf mullein
Origanum onites,Pot Marjoram
Allium amethystinum,Amethyst Garlic
Lysimachia atropurpurea,Dark Purple Loosestrife
Trifolium arvense,rabbitfoot clover
Verbascum mucronatum,
Catharanthus roseus,Madagascar Periwinkle
Pyrus spinosa,Almond-leaved pear
Platanus orientalis,Oriental Plane
Albizia julibrissin,Persian silk tree
Acanthus mollis,Bear's breeches
Echium italicum,Pale Bugloss
Onopordum bracteatum,Branched Cotton Thistle
Scolymus hispanicus,common golden thistle
Euphorbia characias,Mediterranean spurge
Euphorbia characias,Mediterranean spurge
Crepis commutata,
Delphinium glaucum,Sierra larkspur
Satureja thymbra,Thyme-leaved Savory
Schinus molle,Peruvian Pepper Tree
Origanum onites,Pot Marjoram
Ceratonia siliqua,carob tree
Vitis vinifera,wine grape
Pyrus spinosa,Almond-leaved pear
Tragopogon porrifolius,purple salsify
Lysimachia arvensis,scarlet pimpernel
Echinops spinosissimus,Spiny Globe-thistle
Lantana camara,common lantana
Onopordum caricum,
Cupressus sempervirens,Mediterranean cypress
Apiaceae,carrot family
Daucus carota,wild carrot
Quercus ithaburensis,Valonia oak
Ricinus communis,castor bean
Heliotropium europaeum,European heliotrope
Opuntia ficus-indica,Indian fig opuntia
Russelia equisetiformis,Firecracker plant
Argyranthemum,
Hydrangea macrophylla,mophead hydrangea
Plantae,plants
Rosa,roses
Cestrum nocturnum,night jessamine
Melilotus sulcatus,furrowed melilot
Plumbago auriculata,blue plumbago
Plumbago auriculata,blue plumbago
Jasminum polyanthum,Pink jasmine
Pseudodictamnus acetabulosus,False Dittany
Vitex agnus-castus,Lilac chaste tree
Echium plantagineum,purple viper's-bugloss
Vitex agnus-castus,Lilac chaste tree
Pinus brutia,Turkish pine
Schinus molle,Peruvian Pepper Tree
Crepis commutata,
Lysimachia arvensis,scarlet pimpernel
Melilotus sulcatus,furrowed melilot
Trifolium campestre,hop trefoil
Crepis commutata,
Sonchus tenerrimus,slender sowthistle
Euphorbia peplus,Petty Spurge
Tragopogon porrifolius,purple salsify
Oxalis corniculata,Creeping Woodsorrel
Polypogon monspeliensis,rabbitfoot grass
Carduinae,Thistles and Burdocks
Lysimachia arvensis,scarlet pimpernel
Vitis vinifera,wine grape
Oxalis corniculata,Creeping Woodsorrel
Poa pratensis,Smooth Meadow-grass
Thinopyrum intermedium intermedium,Intermediate Wheatgrass
Ricinus communis,castor bean
Lactuca serriola,prickly lettuce
Oxalis debilis,Largeflower pink-sorrel
Oenothera lindheimeri,clockweed
Cuscuta campestris,Field Dodder
Hibiscus,hibiscuses
Rosa,roses
Nerium oleander,oleander
Hemerocallis,daylilies
Euphorbia maculata,Spotted spurge
Liagoraceae,
Cupressus,cypresses
Lysimachia arvensis,scarlet pimpernel
Ranunculus muricatus,Rough-fruited buttercup
Matricaria chamomilla,German Chamomile
Daucus carota,wild carrot
Rumex obtusifolius,broad-leaved dock
Mesembryanthemum cordifolium,heart-leaf ice plant
Ranunculus muricatus,Rough-fruited buttercup
Galium aparine,catchweed bedstraw
Helminthotheca echioides,bristly oxtongue
Apium nodiflorum,fool's watercress
Urospermum picroides,False Hawkbit
Melilotus sulcatus,furrowed melilot
Opuntia ficus-indica,Indian fig opuntia
Daucus carota,wild carrot
Anacamptis sancta,Holy Orchid
Oxalis debilis,Largeflower pink-sorrel
Daucus carota,wild carrot
Melilotus indicus,small melilot
Centaurium erythraea,Common centaury
Daucus carota,wild carrot
Centaurea iberica,Iberian star-thistle
Hibiscus,hibiscuses
Trifolium lappaceum,burdock clover
Hirschfeldia incana,Shortpod Mustard
Ricinus communis,castor bean
Ceratonia siliqua,carob tree
Jacaranda mimosifolia,blue jacaranda
Campsis radicans,American trumpet vine
Convolvulus arvensis,field bindweed
Pistacia lentiscus,mastic
Rubus ulmifolius,elmleaf blackberry
Amaranthus hybridus,Smooth Pigweed
Daucus carota,wild carrot
Plantae,plants
Pinus,"Eurasian, red, and tropical pines"
Amaranthus,amaranths
Opuntioideae,
Mentha longifolia,Horse Mint
Centaurium erythraea,Common centaury
Heliotropium europaeum,European heliotrope
Foeniculum vulgare,fennel
Schinus molle,Peruvian Pepper Tree
Araucaria columnaris,Cook pine
Vitex,
Cascabela thevetia,Be-still tree
Angiospermae,flowering plants
Duranta erecta,skyflower
Araceae,arum family
Euphorbia maculata,Spotted spurge
Euphorbia maculata,Spotted spurge
Mentha longifolia,Horse Mint
Sonchus oleraceus,Common Sow-thistle
Albizia,"Mimosa, silk trees, false-thorns, and allies"
Daucus,carrots
Glaucium flavum,Yellow Horned Poppy
Papaver,poppies
Albizia julibrissin,Persian silk tree
Poa pratensis,Smooth Meadow-grass
Papaver rhoeas,common poppy
Polygonum aviculare,Prostrate Knotweed
Helminthotheca echioides,bristly oxtongue
Echinochloa crus-galli,barnyardgrass
Apium nodiflorum,fool's watercress
Nicotiana glauca,tree tobacco
Cyperus rotundus,Purple nutsedge
Ficus carica,common fig
Asclepias curassavica,tropical milkweed
Echinochloa crus-galli,barnyardgrass
Duranta erecta,skyflower
Malva,Mallows
Xanthium orientale,Californian burr
Sonchus oleraceus,Common Sow-thistle
Convolvulus arvensis,field bindweed
Capparis,Capebushes
Heliotropium europaeum,European heliotrope
Setaria adhaerens,bur bristle grass
Amaranthus hybridus,Smooth Pigweed
Euphorbia prostrata,prostrate sandmat
Arundo plinii,
Andropogoneae,
Capparis,Capebushes
Plantae,plants
Plantae,plants
Heliotropium europaeum,European heliotrope
Plantae,plants
Plantae,plants
Plantae,plants
Plantae,plants
Typha,bulrushes and cattails
Asteraceae,"sunflowers, daisies, asters, and allies"
Plantae,plants
Plantae,plants
Plantae,plants
Plantae,plants
Capparis,Capebushes
Apiaceae,carrot family
Plantae,plants
Plantae,plants
Plantae,plants
Plantae,plants
Plantae,plants
Plantae,plants
Plantae,plants
Rubus,brambles
Vitex agnus-castus,Lilac chaste tree
Plantae,plants
Plantae,plants
Verbascum,mulleins
Verbascum,mulleins
Echinops,Globe thistles
Spartium junceum,Spanish Broom
Plantae,plants
Pyrus,pears
Magnoliopsida,dicots
Plantae,plants
Campsis,trumpet vines
Ferula communis,Giant Fennel
Nerium oleander,oleander
Eriobotrya japonica,Loquat
Mesembryanthemum cordifolium,heart-leaf ice plant
Olea europaea,Olive
Caryophyllales,"pinks, cactuses, and allies"
Oxalis corniculata,Creeping Woodsorrel
Heliotropium europaeum,European heliotrope
Jacaranda mimosifolia,blue jacaranda
Phyla nodiflora,turkey tangle frogfruit
Hedera helix,common ivy
Gazania rigens,uniform treasureflower
Convolvulus arvensis,field bindweed
Pistacia lentiscus,mastic
Euphorbia maculata,Spotted spurge
Petroselinum crispum,garden parsley
Salsola pontica,Tumbleweed
Euphorbia hypericifolia,graceful spurge
Acacia,wattles
Plantae,plants
Chlorophyta,green algae
Vitex agnus-castus,Lilac chaste tree
Echinops sphaerocephalus,Glandular Globe-thistle
Acacia saligna,golden wreath wattle
Ericoideae,"typical heathers, azaleas, and allies"
Oxalis corniculata,Creeping Woodsorrel
Portulaca oleracea,Common Purslane
Tracheophyta,vascular plants
Tamarix,Tamarisks
Pistacia,pistaches
Euphorbia hypericifolia,graceful spurge
Pinus brutia,Turkish pine
Musa × paradisiaca,Plantain
Bougainvillea,bougainvilleas
Catharanthus roseus,Madagascar Periwinkle
Tradescantia pallida,Purple heart
Ruellia,ruellias
Heliotropium europaeum,European heliotrope
Styrax officinalis,Snowdrop Bush
Pistacia lentiscus,mastic
Menthinae,
Magnoliopsida,dicots
Araucaria,araucarias
Vitex,
Ruellia simplex,Mexican ruellia
Rhus coriaria,Tanner's sumac
Cupressaceae,cypress family
Angiospermae,flowering plants
Liagora ceranoides,
Cedrus libani,Lebanon cedar
Angiospermae,flowering plants
Quercus coccifera,Kermes oak
Pinus brutia,Turkish pine
Ficus microcarpa,Chinese banyan
Myrtus communis,myrtle
Quercus coccifera,Kermes oak
Magnoliopsida,dicots
Quercus coccifera,Kermes oak
Magnoliopsida,dicots
Plumbago auriculata,blue plumbago
Maleae,
Cydonia oblonga,Quince
Plumbago auriculata,blue plumbago
Cortaderia selloana,Pampas Grass
Lycianthes rantonnetii,blue potatobush
Opuntia ficus-indica,Indian fig opuntia
Phoenix canariensis,Canary Island palm
Carissa macrocarpa,Natal Plum
Cupressus sempervirens,Mediterranean cypress
Arundo donax,giant reed
Equisetum,horsetails
Equisetum telmateia,great horsetail
Lemna,Duckweeds
Capparis zoharyi,Egyptian Caper
Pyrus spinosa,Almond-leaved pear
Drimia maritima,Sea Squill Complex
Gomphrena globosa,Globe amaranth
Pancratium maritimum,Sea Daffodil
Arundo plinii,
Pancratium maritimum,Sea Daffodil
Momordica charantia,Bitter Melon
Pancratium maritimum,Sea Daffodil
Arundo plinii,
Musa × paradisiaca,Plantain
Lantana camara,common lantana
Pancratium maritimum,Sea Daffodil
Salsola tragus,Prickly Russian Thistle
Pancratium maritimum,Sea Daffodil
Vitex agnus-castus,Lilac chaste tree
Cynanchum acutum,Stranglewort
Myrtus communis,myrtle
Heliotropium europaeum,European heliotrope
Pistacia lentiscus,mastic
Heliotropium,Heliotropes
Eryngium campestre,Field Eryngo
Quercus coccifera,Kermes oak
Ononis natrix,yellow restharrow
Picnomon acarna,Yellow-spine Thistle
Heliotropium europaeum,European heliotrope
Capparis zoharyi,Egyptian Caper
Oenothera primiveris,desert evening-primrose
Lantana,
Convolvulus althaeoides tenuissimus,Elegant Bindweed
Olea europaea,Olive
Quercus ithaburensis,Valonia oak
Morus alba,white mulberry
Magnoliopsida,dicots
Smilax,greenbriers
Rubia tenuifolia,
Sorghum bicolor,Sorghum
Colchicum variegatum,Chequered Meadow Saffron
Magnoliopsida,dicots
Verbascum,mulleins
Drimia maritima,Sea Squill Complex
Parthenocissus,
Opuntia,Prickly Pears
Liagora ceranoides,
Liagora ceranoides,
Paliurus spina-christi,Jerusalem Thorn
Ficus microcarpa,Chinese banyan
Tradescantia pallida,Purple heart
Plantae,plants
Pistacia lentiscus,mastic
Magnoliopsida,dicots
Colchicum variegatum,Chequered Meadow Saffron
Ceratonia siliqua,carob tree
Liquidambar orientalis,Oriental Sweetgum
Jasminum,jasmine
Capparis,Capebushes
Lupinus,lupines
Cerris,
Pistacia lentiscus,mastic
Thymbra capitata,Spanish Oregano
Olea europaea,Olive
Asparagus acutifolius,Spiny Asparagus
Cistus creticus,Hoary Rock-rose
Magnoliopsida,dicots
Angiospermae,flowering plants
Caragana,peashrubs
Plantae,plants
Liquidambar orientalis,Oriental Sweetgum
Heliotropium europaeum,European heliotrope
Drimia aphylla,Sea Squill
Smilax excelsa,Larger Smilax
Pulicaria dysenterica,Common Fleabane
Plantae,plants
Salix,Willows
Ceratonia siliqua,carob tree
Carissa,Num-nums
Myrtus communis,myrtle
Eryngium thorifolium,
Colchicum lingulatum rigescens,
Nerium oleander,oleander
Plantae,plants
Cyclamen,
Drimia maritima,Sea Squill Complex
Pancratium maritimum,Sea Daffodil
Colchicum,Naked Ladies
Colchicum variegatum,Chequered Meadow Saffron
Cupressus sempervirens,Mediterranean cypress
Echinops spinosissimus,Spiny Globe-thistle
Pancratium maritimum,Sea Daffodil
Cupressus sempervirens,Mediterranean cypress
Ailanthus altissima,tree-of-heaven
Angiospermae,flowering plants
Dittrichia viscosa,false yellowhead
Limonium ramosissimum,Algerian sea lavender
Laurus nobilis,Bay laurel
Drimia maritima,Sea Squill Complex
Salvia fruticosa,Greek Sage
Lythrum salicaria,purple loosestrife
Cestrum nocturnum,night jessamine
Arum italicum,Italian arum
Myrtus communis,myrtle
Smilax aspera,Rough Bindweed
Ruscus aculeatus,butcher's-broom
Capparis spinosa,Caper Bush
Pistacia lentiscus,mastic
Cascabela thevetia,Be-still tree
Cyclamen,
Kindbergia oregana,Oregon Beaked Moss
Rubus ulmifolius,elmleaf blackberry
Dittrichia graveolens,Stinkwort
Melia azedarach,Chinaberry
Dittrichia,
Myrtus communis,myrtle
Hypochaeris radicata,Common Cat's-ear
Hypochaeris radicata,Common Cat's-ear
Ruellia simplex,Mexican ruellia
Magnoliopsida,dicots
Sisyrinchium californicum,Golden-eyed Grass
Plantae,plants
Pistacia lentiscus,mastic
Liliopsida,monocots
Solanum nigrum,black nightshade
Oxalis articulata,pink-sorrel
Prospero autumnale,Autumn Squill
Liliopsida,monocots
Euphorbia prostrata,prostrate sandmat
Erica manipuliflora,Autumn Heather
Selaginella,spikemosses
Lagurus ovatus,Hare's Tail Grass
Vitex agnus-castus,Lilac chaste tree
Asplenium ceterach,Rustyback
Prospero autumnale,Autumn Squill
Colchicum variegatum,Chequered Meadow Saffron
Cyclamen,
Erica manipuliflora,Autumn Heather
Smilax aspera,Rough Bindweed
Plantae,plants
Plantae,plants
Rubus,brambles
Cyclamen hederifolium,Ivy-leaved cyclamen
Smilax aspera,Rough Bindweed
Narcissus miniatus,
Castanea,Chestnuts
Ceratonia siliqua,carob tree
Arbutus unedo,strawberry tree
Arbutus andrachne,Greek strawberry-tree
Hypochaeris radicata,Common Cat's-ear
Cyclamen hederifolium,Ivy-leaved cyclamen
Spiranthes spiralis,Autumn Ladies' Tresses
Arbutus unedo,strawberry tree
Arbutus andrachne,Greek strawberry-tree
Colchicum variegatum,Chequered Meadow Saffron
Oleaceae,olive family
Arbutus andrachne,Greek strawberry-tree
Arbutus unedo,strawberry tree
Dimorphotheca ecklonis,blue-and-white daisybush
Olea europaea,Olive
Arbutus,madrones
Magnoliopsida,dicots
Salvia rosmarinus,Rosemary
Eriobotrya japonica,Loquat
Oxalis pes-caprae,Bermuda buttercup
Taraxacum,dandelions
Lycianthes,
Amaranthus graecizans,Mat Amaranth
Passiflora caerulea,Bluecrown passionflower
Misopates orontium,Weasel's-snout
Misopates orontium,Weasel's-snout
Amaranthus graecizans,Mat Amaranth
Leontodon hispidus,Rough Hawkbit
Chondrilla juncea,Rush Skeletonweed
Phoenix canariensis,Canary Island palm
Phoenix canariensis,Canary Island palm
Pittosporum tobira,Japanese pittosporum
Crataegus mexicana,manzanita tejocotera
Urospermum picroides,False Hawkbit
Dittrichia viscosa,false yellowhead
Jasminum polyanthum,Pink jasmine
Plumbago auriculata,blue plumbago
Oenothera simulans,Southern Beeblossom
Bougainvillea glabra,lesser bougainvillea
Olea europaea,Olive
Plantae,plants
Drimia maritima,Sea Squill Complex
Smilax aspera,Rough Bindweed
Smilax,greenbriers
Polypodium vulgare,common polypody
Lantana camara,common lantana
Cupressus sempervirens,Mediterranean cypress
Angiospermae,flowering plants
Clematis cirrhosa,Early Virgin's-bower
Quercus,high-latitude oaks
Tracheophyta,vascular plants
Mandragora officinarum,Mediterranean mandrake
Clematis cirrhosa,Early Virgin's-bower
Smilax excelsa,Larger Smilax
Pistacia,pistaches
Pyrus spinosa,Almond-leaved pear
Arisarum vulgare,Friar's-cowl
Oxalis pes-caprae,Bermuda buttercup
Viola,violets
Anagyris foetida,Bean Trefoil
Leontodon hispidus,Rough Hawkbit
Oxalis pes-caprae,Bermuda buttercup
Mercurialis annua,Annual mercury
Sonchus oleraceus,Common Sow-thistle
Arum,arum lilies
Oxalis pes-caprae,Bermuda buttercup
Calendula arvensis,field marigold
Clematis cirrhosa,Early Virgin's-bower
Clematis vitalba,Old man's beard
Arbutus unedo,strawberry tree
Poeae,
Homalothecium sericeum,Silky Wall Feather-moss
Adiantum capillus-veneris,black maidenhair fern
Verbascum thapsus,great mullein
Ferula communis,Giant Fennel
Echium plantagineum,purple viper's-bugloss
Calendula arvensis,field marigold
Calendula arvensis,field marigold
Lycianthes rantonnetii,blue potatobush
Raphanus raphanistrum,Jointed Charlock
Polygonum aviculare,Prostrate Knotweed
Mercurialis annua,Annual mercury
Oxalis pes-caprae,Bermuda buttercup
Malva,Mallows
Araceae,arum family
Carissa macrocarpa,Natal Plum
Centaurium erythraea,Common centaury
Salsola pontica,Tumbleweed
Aloe arborescens,Candelabra Aloe
Arisarum,
Clematis,
Cupressaceae,cypress family
Senecio vulgaris,common groundsel
Euryops pectinatus,grey-leaved euryops
Melaleuca,bottlebrushes
Arisarum vulgare,Friar's-cowl
Arisarum vulgare,Friar's-cowl
Polypodium cambricum,southern polypody
Asplenium ceterach,Rustyback
Asparagus acutifolius,Spiny Asparagus
Salvia fruticosa,Greek Sage
Mandragora autumnalis,autumn mandrake
Umbilicus rupestris,Wall Pennywort
Myrtus communis,myrtle
Cucurbitaceae,gourd family
Ferula,
Echinops sphaerocephalus,Glandular Globe-thistle
Ceiba speciosa,Silk floss tree
Panicoideae,
Pistacia lentiscus,mastic
Mandragora autumnalis,autumn mandrake
Polypodium,polypody ferns
Hedera helix,common ivy
Plumbago auriculata,blue plumbago
Faboideae,
Rumex obtusifolius,broad-leaved dock
Mentha aquatica,watermint
Laurus nobilis,Bay laurel
Calendula arvensis,field marigold
Quercus coccifera,Kermes oak
Taraxacum,dandelions
Veronica persica,bird's-eye speedwell
Trifolium resupinatum,Reversed clover
Medicago polymorpha,bur clover
Matricaria chamomilla,German Chamomile
Sonchus tenerrimus,slender sowthistle
Setaria pumila,yellow foxtail
Cirsium creticum,
Pistacia lentiscus,mastic
Romulea tempskyana,
Erodium moschatum,musk stork's-bill
Bellis sylvestris,southern daisy
Romulea tempskyana,
Taraxacum,dandelions
Drimia aphylla,Sea Squill
Smyrnium olusatrum,Alexanders
Hypochaeris glabra,Smooth Cat's Ear
Arisarum vulgare,Friar's-cowl
Bryophyta,mosses
Lycopodium,ground and creeping clubmosses
Erodium moschatum,musk stork's-bill
Mandragora autumnalis,autumn mandrake
Silybum marianum,milk thistle
Ruta chalepensis,Fringed Rue
Asphodelus ramosus,Branched Asphodel
Pistacia lentiscus,mastic
Romulea tempskyana,
Ferula communis,Giant Fennel
Carthamus lanatus,woolly distaff thistle
Hypochaeris glabra,Smooth Cat's Ear
Brassicaceae,mustard family
Brassicaceae,mustard family
Magnoliopsida,dicots
Iris,Irises
Ranunculales,"buttercups, poppies, and allies"
Anemone coronaria,poppy anemone
Verbascum mucronatum,
Verbascum sinuatum,wavyleaf mullein
Anagyris foetida,Bean Trefoil
Calendula arvensis,field marigold
Mandragora autumnalis,autumn mandrake
Carlina corymbosa,Clustered Carline-thistle
Asphodelus ramosus,Branched Asphodel
Verbascum mucronatum,
Ruta chalepensis,Fringed Rue
Oxalis pes-caprae,Bermuda buttercup
Erodium malacoides,Soft Stork's-bill
Magnoliopsida,dicots
Lycopodium,ground and creeping clubmosses
Quercus aucheri,Boz-Pirnal Oak
Erodium moschatum,musk stork's-bill
Taraxacum,dandelions
Drimia,poison squills
Asphodelus ramosus,Branched Asphodel
Hypochaeris glabra,Smooth Cat's Ear
Prospero autumnale,Autumn Squill
Cistus salviifolius,Sage-leaved Rock-rose
Clematis cirrhosa,Early Virgin's-bower
Romulea tempskyana,
Narcissus miniatus,
Erigeron bonariensis,Flax-leaved Horseweed
Veronica cymbalaria,Pale Speedwell
Narcissus miniatus,
Malva multiflora,Cretan Tree-mallow
Matricaria chamomilla,German Chamomile
Senecio vulgaris,common groundsel
Fumaria judaica,Judean Fumitory
Arisarum vulgare,Friar's-cowl
Plantae,plants
Chamaecytisus prolifer,Escabon
Rubieae,
Romulea tempskyana,
Romulea tempskyana,
Glebionis coronaria,Garland Daisy
Echium plantagineum,purple viper's-bugloss
Romulea tempskyana,
Ipomoea purpurea,common morning-glory
Anthemideae,"Chamomiles, yarrows, and allies"
Ricinus communis,castor bean
Pistacia lentiscus,mastic
Anemone coronaria,poppy anemone
Anemone coronaria,poppy anemone
Selaginella denticulata,Mediterranean clubmoss
Arisarum vulgare,Friar's-cowl
Erodium botrys,Mediterranean Stork's-bill
Tradescantia pallida,Purple heart
Anagyris foetida,Bean Trefoil
Artemisia absinthium,Wormwood
Arbutus unedo,strawberry tree
Erodium malacoides,Soft Stork's-bill
Cuscuta arvensis,
Urtica membranacea,Mediterranean Nettle
Laurus nobilis,Bay laurel
Artemisia absinthium,Wormwood
Eruca vesicaria,rocketsalad
Brassicaceae,mustard family
Clematis cirrhosa,Early Virgin's-bower
Prunus amygdalus,Almond
Datura innoxia,downy thorn-apple
Anagyris foetida,Bean Trefoil
Veronica cymbalaria,Pale Speedwell
Senecio vulgaris,common groundsel
Geraniaceae,Geranium family
Rubus ulmifolius,elmleaf blackberry
Polygonum aviculare,Prostrate Knotweed
Fumaria,Fumitories
Sarcopoterium spinosum,Spiny Burnet
Cirsium creticum,
Umbilicus horizontalis,Narrow Navelwort
Glebionis coronaria,Garland Daisy
Erodium moschatum,musk stork's-bill
Lavandula pedunculata cariensis,
Cistus creticus,Hoary Rock-rose
Lamium amplexicaule,henbit deadnettle
Taraxacum,dandelions
Mandragora autumnalis,autumn mandrake
Spartium junceum,Spanish Broom
Lupinus angustifolius,Narrow-leaved Lupin
Lamium moschatum,Musk deadnettle
Pseudodictamnus acetabulosus,False Dittany
Plagiochasma,
Plantae,plants
Narcissus,daffodils
Anemone coronaria,poppy anemone
Anemone hortensis,broad-leaved anemone
Angiospermae,flowering plants
Romulea tempskyana,
Arbutus unedo,strawberry tree
Plantae,plants
Anemone coronaria,poppy anemone
Hypnum cupressiforme,Cypress-leaved Plait-moss
Hypnum cupressiforme,Cypress-leaved Plait-moss
Fumana arabica,Mediterranean Rockrose
Anagyris foetida,Bean Trefoil
Lavandula pedunculata cariensis,
Asphodelus,asphodels
Nerium oleander,oleander
Asphodelus ramosus,Branched Asphodel
Cyclamen alpinum,Alpine Cyclamen
Lamium amplexicaule,henbit deadnettle
Dryopteris filix-mas,male fern
Prasium majus,White Hedge-nettle
Vicia hybrida,Hairy Yellow-vetch
Tordylium,
Asphodelus ramosus,Branched Asphodel
Lavandula pedunculata cariensis,
Romulea tempskyana,
Calendula arvensis,field marigold
Arisarum vulgare,Friar's-cowl
Erodium moschatum,musk stork's-bill
Geranium molle,Dove's-foot crane's-bill
Lathyrus setifolius,Brown Vetch
Lysimachia arvensis,scarlet pimpernel
Veronica cymbalaria,Pale Speedwell
Erodium cicutarium,Redstem Stork's-bill
Cistus salviifolius,Sage-leaved Rock-rose
Asphodelus ramosus,Branched Asphodel
Prasium majus,White Hedge-nettle
Gagea,
Ferula,
Lantana camara,common lantana
Ophrys,Bee Orchids
Asphodelus albus,White Asphodel
Cyclamen alpinum,Alpine Cyclamen
Cyclamen alpinum,Alpine Cyclamen
Cyclamen alpinum,Alpine Cyclamen
Gagea lutea,Yellow Star-of-Bethlehem
Anemone coronaria,poppy anemone
Anemone coronaria,poppy anemone
Lavandula stoechas,topped lavender
Anemone coronaria,poppy anemone
Oxalis pes-caprae,Bermuda buttercup
Anemone coronaria,poppy anemone
Spartium junceum,Spanish Broom
Anemone coronaria,poppy anemone
Anemone coronaria,poppy anemone
Mandragora autumnalis,autumn mandrake
Lupinus pilosus,Blue Lupine
Bryophyta,mosses
Vicia,Vetches
Lupinus angustifolius,Narrow-leaved Lupin
Cistus creticus,Hoary Rock-rose
Leucaena,leadtrees
Acacia saligna,golden wreath wattle
Bellis perennis,common daisy
Calicotome villosa,Spiny Broom
Calicotome villosa,Spiny Broom
Anthemis chia,Chios Chamomile
Lamium amplexicaule,henbit deadnettle
Malva sylvestris,Common Mallow
Lotus edulis,edible bird's-foot-trefoil
Echium plantagineum,purple viper's-bugloss
Echium plantagineum,purple viper's-bugloss
Euphorbia helioscopia,Sun spurge
Euphorbia peplus,Petty Spurge
Galium aparine,catchweed bedstraw
Cistus salviifolius,Sage-leaved Rock-rose
Brassicaceae,mustard family
Tragopogon orientalis,Eastern Goat's-beard
Vicia hybrida,Hairy Yellow-vetch
Asphodelus ramosus,Branched Asphodel
Anthemideae,"Chamomiles, yarrows, and allies"
Cytisopsis pseudocytisus,
Scandix pecten-veneris,Shepherd's-needle
Calicotome villosa,Spiny Broom
Anthemideae,"Chamomiles, yarrows, and allies"
Cupressus sempervirens,Mediterranean cypress
Pittosporum,Cheesewoods
Anchusa undulata,Undulate Alkanet
Asphodelus albus,White Asphodel
Fuciflorae,
Dimorphotheca ecklonis,blue-and-white daisybush
Acacia,wattles
Ophrys speculum,Mirror orchid
Ophrys lutea,Yellow Bee-orchid and relatives
Anemone coronaria,poppy anemone
Anemone coronaria,poppy anemone
Crocus,Crocuses
Esula,
Araceae,arum family
Iris unguicularis,Algerian Iris
Allium neapolitanum,Naples garlic
Valeriana italica,
Scrophularia peregrina,Nettle-leaved Figwort
Geranium purpureum,Little-Robin
Erodium malacoides,Soft Stork's-bill
Ferula tingitana,giant Tangier fennel
Scandix pecten-veneris,Shepherd's-needle
Daphne gnidioides,
Ferula communis,Giant Fennel
Crepis fraasii,
Sarcopoterium spinosum,Spiny Burnet
Knautia integrifolia,Urville´s Widowflower
Juniperus phoenicea,
Lysimachia arvensis,scarlet pimpernel
Magnoliopsida,dicots
Tragopogon orientalis,Eastern Goat's-beard
Agave americana,American century plant
Plantae,plants
Cymbalaria muralis,Ivy-leaved toadflax
Geranium purpureum,Little-Robin
Atriplex portulacoides,Sea-purslane
Mandragora autumnalis,autumn mandrake
Euphorbia helioscopia,Sun spurge
Pistacia lentiscus,mastic
Lotus edulis,edible bird's-foot-trefoil
Vicia sativa,Common Vetch
Taraxacum,dandelions
Asphodelus ramosus,Branched Asphodel
Quercus aucheri,Boz-Pirnal Oak
Lamiaceae,mint family
Anthemis cretica,Mountain Dog-daisy
Gagea peduncularis,
Tordylium apulum,Mediterranean Hartwort
Moraea sisyrinchium,Barbary-nut
Asphodelus,asphodels
Gazania rigens,uniform treasureflower
Glebionis coronaria,Garland Daisy
Kalanchoe daigremontiana,Alligator Plant
Sisyrinchium bellum,western blue-eyed grass
Sinapis arvensis,Wild Mustard
Verbascum sinuatum,wavyleaf mullein
Erodium,stork's-bills
Matricaria chamomilla,German Chamomile
Tamarix,Tamarisks
Echinops spinosissimus,
Calendula arvensis,field marigold
Acacia saligna,golden wreath wattle
Trifolium clypeatum,Shield Clover
Vicia hybrida,Hairy Yellow-vetch
Oxalis,woodsorrels
Erodium moschatum,musk stork's-bill
Oxalis pes-caprae,Bermuda buttercup
Vicia hybrida,Hairy Yellow-vetch
Medicago polymorpha,bur clover
Fumaria judaica,Judean Fumitory
Stellaria media,common chickweed
Sonchus tenerrimus,slender sowthistle
Ornithogalum umbellatum,common star-of-Bethlehem
Trifolieae,
Cynoglossum,Hound's-tongues
Fumaria,Fumitories
Laurus nobilis,Bay laurel
Trifolium clypeatum,Shield Clover
Smyrnium olusatrum,Alexanders
Bryophyta,mosses
Acacia saligna,golden wreath wattle
Scandix pecten-veneris,Shepherd's-needle
Prunus amygdalus,Almond
Lupinus pilosus,Blue Lupine
Ferula communis,Giant Fennel
Lupinus angustifolius,Narrow-leaved Lupin
Calicotome villosa,Spiny Broom
Malva multiflora,Cretan Tree-mallow
Cerinthe major,Greater honeywort
Glebionis coronaria,Garland Daisy
Kalanchoe daigremontiana,Alligator Plant
Erodium moschatum,musk stork's-bill
Asphodelus,asphodels
Sonchus asper,prickly sowthistle
Asphodelus ramosus,Branched Asphodel
Asphodelus ramosus,Branched Asphodel
Geranium rotundifolium,Round-leaved Crane's-bill
Cistus salviifolius,Sage-leaved Rock-rose
Pistacia lentiscus,mastic
Anemoneae,anemones and allies
Arbutus andrachne,Greek strawberry-tree
Acacia,wattles
Gazania linearis,striped treasureflower
Cistus salviifolius,Sage-leaved Rock-rose
Moraea sisyrinchium,Barbary-nut
Anacamptis papilionacea,Pink-butterfly Orchid
Anemone coronaria,poppy anemone
Ophrys fusca bilunulata,Marble Bee-Orchid
Misopates orontium,Weasel's-snout
Oxalis pes-caprae,Bermuda buttercup
Moraea sisyrinchium,Barbary-nut
Onosma frutescens,
Stachys byzantina,woolly hedgenettle
Rosaceae,rose family
Asphodelus ramosus,Branched Asphodel
Bellis perennis,common daisy
Asphodelus ramosus,Branched Asphodel
Lamium amplexicaule,henbit deadnettle
Prunus,"plums, cherries, and allies"
Selaginella denticulata,Mediterranean clubmoss
Brassicaceae,mustard family
Gagea lutea,Yellow Star-of-Bethlehem
Veronica lycica,
Bryophyta,mosses
Cirsium,thistles
Sarcopoterium spinosum,Spiny Burnet
Galium,bedstraws
Umbilicus rupestris,Wall Pennywort
Quercus coccifera,Kermes oak
Genista,Brooms
Scrophularia,figworts
Magnoliopsida,dicots
Urtica membranacea,Mediterranean Nettle
Brassicaceae,mustard family
Anthemideae,"Chamomiles, yarrows, and allies"
Brassicaceae,mustard family
Phlomis lycia,
Ornithogalum umbellatum,common star-of-Bethlehem
Acacia saligna,golden wreath wattle
Solanum nigrum,black nightshade
Asphodelus ramosus,Branched Asphodel
Iris unguicularis,Algerian Iris
Pinus brutia,Turkish pine
Acacia saligna,golden wreath wattle
Veronica persica,bird's-eye speedwell
Smyrnium olusatrum,Alexanders
Bromus diandrus,great brome
Sonchus oleraceus,Common Sow-thistle
Vinca major,greater periwinkle
Erodium moschatum,musk stork's-bill
Opuntia ficus-indica,Indian fig opuntia
Eriobotrya japonica,Loquat
Ononis,restharrows
Lamium album,White deadnettle
Prunus persica,Peach
Malva sylvestris,Common Mallow
Euphorbia helioscopia,Sun spurge
Jasminum mesnyi,Primrose jasmine
Mercurialis annua,Annual mercury
Senecio vulgaris,common groundsel
Olea europaea,Olive
Ornithogalum umbellatum,common star-of-Bethlehem
Ajuga orientalis,Oriental Bugle
Lamium amplexicaule,henbit deadnettle
Iris unguicularis,Algerian Iris
Erodium cicutarium,Redstem Stork's-bill
Moraea sisyrinchium,Barbary-nut
Anemonoides blanda,Greek Anemone
Leontodon hispidus,Rough Hawkbit
Lavandula stoechas,topped lavender
Moraea sisyrinchium,Barbary-nut
Vicia hybrida,Hairy Yellow-vetch
Silene vulgaris,bladder campion
Lupinus angustifolius,Narrow-leaved Lupin
Trifolium grandiflorum,Large-flower Hop Clover
Lysimachia foemina,Foemina Pimpernel
Senecio vernalis,Eastern Groundsel
Phragmites australis,common reed
Acacia saligna,golden wreath wattle
Vicia hybrida,Hairy Yellow-vetch
Salvia fruticosa,Greek Sage
Helichrysum stoechas,Shrubby Everlasting
Cistus salviifolius,Sage-leaved Rock-rose
Mentheae,
Petrosedum sediforme,Pale Stonecrop
Helichrysum,Everlasting-flowers
Pistacia lentiscus,mastic
Leontodon hispidus,Rough Hawkbit
Ruta graveolens,Rue
Biscutella,
Cynoglossum creticum,blue hound's-tongue
Plectritis congesta,shortspur seablush
Bromus diandrus,great brome
Origanum vulgare,Oregano
Jasminum mesnyi,Primrose jasmine
Tordylium apulum,Mediterranean Hartwort
Oxalis pes-caprae,Bermuda buttercup
Salvia rosmarinus,Rosemary
Smyrnium olusatrum,Alexanders
Calendula arvensis,field marigold
Cupressus sempervirens,Mediterranean cypress
Silybum marianum,milk thistle
Papaver rhoeas,common poppy
Cyclamen persicum,Persian Cyclamen
Anemone coronaria,poppy anemone
Fritillaria forbesii,
Ficaria verna,lesser celandine
Geranium lucidum,Shining Crane's-bill
Ruscus aculeatus,butcher's-broom
Galium aparine,catchweed bedstraw
Sonchus asper,prickly sowthistle
Lamium moschatum,Musk deadnettle
Anchusa undulata,Undulate Alkanet
Scandix pecten-veneris,Shepherd's-needle
Cyclamen alpinum,Alpine Cyclamen
Ajuga orientalis,Oriental Bugle
Biscutella laevigata,Common Buckler-mustard
Securigera varia,purple crownvetch
Hippocrepis comosa,horseshoe vetch
Bougainvillea glabra,lesser bougainvillea
Ophrys argolica lucis,
Lupinus pilosus,Blue Lupine
Freesia,Freesias
Araucaria,araucarias
Allium neapolitanum,Naples garlic
Erodium botrys,Mediterranean Stork's-bill
Urtica membranacea,Mediterranean Nettle
Esula,
Pinus brutia,Turkish pine
Bituminaria bituminosa,arabian pea
Lupinus angustifolius,Narrow-leaved Lupin
Lupinus pilosus,Blue Lupine
Malva sylvestris,Common Mallow
Calendula arvensis,field marigold
Euphorbia helioscopia,Sun spurge
Trifolium vesiculosum,arrowleaf clover
Asphodelus ramosus,Branched Asphodel
Vicia villosa,hairy vetch
Raphanus raphanistrum,Jointed Charlock
Iresine diffusa herbstii,Bloodleaf
Sinapis arvensis,Wild Mustard
Oxalis pes-caprae pleniflora,Doubled Goatfoot Sorrel
Laurus nobilis,Bay laurel
Galium mollugo,Hedge Bedstraw
Geranium lucidum,Shining Crane's-bill
Calicotome villosa,Spiny Broom
Erodium moschatum,musk stork's-bill
Matricaria chamomilla,German Chamomile
Tordylium apulum,Mediterranean Hartwort
Oxalis pes-caprae,Bermuda buttercup
Valeriana tuberosa,Tuberous Valerian
Ficaria verna,lesser celandine
Ajuga orientalis,Oriental Bugle
Erica arborea,Tree heath
Allium neapolitanum,Naples garlic
Gladiolus italicus,Field Gladiolus
Helichrysum,Everlasting-flowers
Ophrys fusca blitopertha,Cockchafer Orchid
Vicia,Vetches
Salvia verbenaca,wild clary
Lamium amplexicaule,henbit deadnettle
Scrophularia nodosa,Common Figwort
Echium plantagineum,purple viper's-bugloss
Malva,Mallows
Olea europaea,Olive
Glebionis coronaria,Garland Daisy
Eriobotrya japonica,Loquat
Phelipanche nana,Dwarf Sorrel Broomrape
Erodium,stork's-bills
Malva,Mallows
Poa,Meadow-grasses
Oxalis pes-caprae,Bermuda buttercup
Cistus salviifolius,Sage-leaved Rock-rose
Lamium amplexicaule,henbit deadnettle
Dianthus barbatus,Sweet-William
Polygala myrtifolia,Sweet Pea Shrub
Vinca major,greater periwinkle
Papaver rhoeas,common poppy
Phlomis fruticosa,Jerusalem Sage
Lysimachia arvensis,scarlet pimpernel
Anemone,anemones and thimbleweeds
Prunus,"plums, cherries, and allies"
Leopoldia,
Malva,Mallows
Acacia,wattles
Biscutella didyma,Mediterranean Buckler-mustard
Stachys,Hedgenettles
Geranium lucidum,Shining Crane's-bill
Pyrus spinosa,Almond-leaved pear
Moraea sisyrinchium,Barbary-nut
Melissa officinalis,lemon balm
Anthyllis circinnata,Disc Trefoil
Origanum onites,Pot Marjoram
Myrsiniteae,
Glaucium flavum,Yellow Horned Poppy
Fumaria judaica,Judean Fumitory
Calendula arvensis,field marigold
Onopordum bracteatum,Branched Cotton Thistle
Sinapis alba,White Mustard
Scrophularia lucida,Pale Figwort
Papaver,poppies
Malva,Mallows
Esula,
Iris unguicularis carica,Carian iris
Asphodelus,asphodels
Anemone,anemones and thimbleweeds
Esula,
Cistus creticus,Hoary Rock-rose
Thalictroideae,Columbines and Meadow-Rues
Ruscus aculeatus,butcher's-broom
Cistus creticus,Hoary Rock-rose
Glebionis coronaria,Garland Daisy
Calendula,marigolds
Tordylium,
Iris unguicularis,Algerian Iris
Vicia,Vetches
Papaver rhoeas,common poppy
Calendula,marigolds
Sonchus asper,prickly sowthistle
Ferula communis,Giant Fennel
Lathyrus setifolius,Brown Vetch
Malvaviscus,
Opuntia,Prickly Pears
Vicia hybrida,Hairy Yellow-vetch
Valeriana officinalis,common valerian
Asplenium ceterach,Rustyback
Orobanche crenata,Bean Broomrape
Magnoliopsida,dicots
Angiospermae,flowering plants
Lamiaceae,mint family
Glebionis coronaria,Garland Daisy
Tragopogon porrifolius,purple salsify
Opuntia ficus-indica,Indian fig opuntia
Cistus creticus,Hoary Rock-rose
Scorzonera,Viper's-grasses
Papaver rhoeas,common poppy
Prospero,
Tordylium,
Tragopogon,Salsifies
Cerinthe major,Greater honeywort
Moraea,Cape Tulips
Anemone,anemones and thimbleweeds
Anemone,anemones and thimbleweeds
Dracunculus vulgaris,dragon arum
Magnoliopsida,dicots
Hirschfeldia incana,Shortpod Mustard
Urtica urens,Dwarf Nettle
Lolium perenne,Perennial Ryegrass
Silene behen,Hairless Catchfly
Erodium malacoides,Soft Stork's-bill
Vicia hybrida,Hairy Yellow-vetch
Hordeum murinum,wall barley
Lamium moschatum,Musk deadnettle
Phagnalon graecum,Eastern Phagnalon
Erodium moschatum,musk stork's-bill
Lysimachia arvensis,scarlet pimpernel
Glebionis coronaria,Garland Daisy
Oxalis pes-caprae,Bermuda buttercup
Echium plantagineum,purple viper's-bugloss
Urospermum picroides,False Hawkbit
Tragopogon porrifolius longirostris,Long-beaked purple salsify
Tragopogon orientalis,Eastern Goat's-beard
Lathyrus setifolius,Brown Vetch
Lupinus angustifolius,Narrow-leaved Lupin
Plantago afra,Glandular Plantain
Calendula arvensis,field marigold
Fumana arabica,Mediterranean Rockrose
Cistus salviifolius,Sage-leaved Rock-rose
Allium neapolitanum,Naples garlic
Pistacia lentiscus,mastic
Prasium majus,White Hedge-nettle
Arum,arum lilies
Acacia saligna,golden wreath wattle
Carpobrotus acinaciformis,Sally-my-handsome
Phlomis fruticosa,Jerusalem Sage
Ophrys,Bee Orchids
Ornithogalum,star-of-Bethlehem
Bougainvillea glabra,lesser bougainvillea
Angiospermae,flowering plants
Gladiolus italicus,Field Gladiolus
Ferula communis,Giant Fennel
Acacia,wattles
Magnoliopsida,dicots
Laurus nobilis,Bay laurel
Salvia officinalis,garden sage
Lysimachia arvensis,scarlet pimpernel
Phelipanche nana,Dwarf Sorrel Broomrape
Anthriscus caucalis,Bur Parsley
Faboideae,
Echium plantagineum,purple viper's-bugloss
Fabeae,"Peas, Vetches, and Allies"
Anthriscus caucalis,Bur Parsley
Euphorbia helioscopia,Sun spurge
Rumex obtusifolius,broad-leaved dock
Phelipanche nana,Dwarf Sorrel Broomrape
Urospermum picroides,False Hawkbit
Stachydeae,
Papaver rhoeas,common poppy
Antirrhinum majus,Snapdragon
Oenothera speciosa,Pinkladies
Anemone coronaria,poppy anemone
Anemone coronaria,poppy anemone
Anemone coronaria,poppy anemone
Cistus salviifolius,Sage-leaved Rock-rose
Cistus creticus,Hoary Rock-rose
Acacia saligna,golden wreath wattle
Styrax officinalis,Snowdrop Bush
Papaver rhoeas,common poppy
Papaver rhoeas,common poppy
Papaver,poppies
Papaver,poppies
Papaver,poppies
Legousia pentagonia,
Cistus creticus,Hoary Rock-rose
Spartium junceum,Spanish Broom
Tragopogon porrifolius,purple salsify
Glebionis coronaria,Garland Daisy
Geranium molle,Dove's-foot crane's-bill
Asphodelus ramosus,Branched Asphodel
Knautia integrifolia,Urville´s Widowflower
Allium neapolitanum,Naples garlic
Ferula communis,Giant Fennel
Geranium rotundifolium,Round-leaved Crane's-bill
Hypochaeris glabra,Smooth Cat's Ear
Silene italica,Italian Catchfly
Tragopogon porrifolius,purple salsify
Acacia saligna,golden wreath wattle
Fritillaria acmopetala,Pointed-petal Fritillary
Oxalis pes-caprae pleniflora,Doubled Goatfoot Sorrel
Valeriana italica,
Cistus salviifolius,Sage-leaved Rock-rose
Cistus creticus,Hoary Rock-rose
Morus alba,white mulberry
Bellevalia trifoliata,
Acacia saligna,golden wreath wattle
Lysimachia arvensis,scarlet pimpernel
Lysimachia arvensis,scarlet pimpernel
Papaver rhoeas,common poppy
Serapias vomeracea,long-lipped serapias
Anemone coronaria,poppy anemone
Anemone coronaria,poppy anemone
Anemone coronaria,poppy anemone
Asplenium ceterach,Rustyback
Scrophularia lucida,Pale Figwort
Onosma frutescens,
Pistacia lentiscus,mastic
Phlomis,Jerusalem Sage
Marchantiophyta,liverworts
Leopoldia comosa,Tassel Hyacinth
Lavandula stoechas,topped lavender
Sedum,stonecrops
Onosma frutescens,
Orchis anatolica,Anatolian Orchid
Orchis anatolica,Anatolian Orchid
Orchis anatolica,Anatolian Orchid
Orchis anatolica,Anatolian Orchid
Glebionis coronaria,Garland Daisy
Anthemis cotula,Stinking chamomile
Trigonella corniculata,Sickle-fruited Fenugreek
Trifolium,clovers
Ferula communis,Giant Fennel
Lysimachia arvensis,scarlet pimpernel
Silene italica,Italian Catchfly
Anemone coronaria,poppy anemone
Anemone coronaria,poppy anemone
Papaver rhoeas,common poppy
Papaver rhoeas,common poppy
Papaver rhoeas,common poppy
Trifolium stellatum,Star Clover
Pinus brutia,Turkish pine
Medicago arabica,Spotted medick
Euphorbia characias,Mediterranean spurge
Scrophularia lucida,Pale Figwort
Scrophularia lucida,Pale Figwort
Ophrys sicula,Lesser Yellow Bee Orchid
Euphorbia helioscopia,Sun spurge
Angiospermae,flowering plants
Hirschfeldia incana,Shortpod Mustard
Trifolium angustifolium,Narrow-leaved clover
Pallenis spinosa,Spiny Starwort
Ferula communis,Giant Fennel
Lupinus angustifolius,Narrow-leaved Lupin
Arbutus andrachne,Greek strawberry-tree
Scilla forbesii,Forbes' Glory-of-the-snow
Scilla forbesii,Forbes' Glory-of-the-snow
Cedrus libani,Lebanon cedar
Cedrus libani,Lebanon cedar
Cedrus libani,Lebanon cedar
Liliopsida,monocots
Cyclamen alpinum,Alpine Cyclamen
Anemonoides blanda,Greek Anemone
Anemonoides blanda,Greek Anemone
Anemonoides blanda,Greek Anemone
Ornithogalum umbellatum,common star-of-Bethlehem
Anthemis,Chamomiles
Glebionis coronaria,Garland Daisy
Lupinus angustifolius,Narrow-leaved Lupin
Knautia integrifolia,Urville´s Widowflower
Geranium molle,Dove's-foot crane's-bill
Tragopogon porrifolius,purple salsify
Tragopogon orientalis,Eastern Goat's-beard
Sarcopoterium spinosum,Spiny Burnet
Trifolium hirtum,Rose Clover
Echium plantagineum,purple viper's-bugloss
Serapias cordigera,Heart-flowered serapias
Orchis anatolica,Anatolian Orchid
Orchis anatolica,Anatolian Orchid
Orchis anatolica,Anatolian Orchid
Lavandula stoechas,topped lavender
Euphorbia peplus,Petty Spurge
Fritillaria sibthorpiana,
Quercus,oaks
Iberis carnosa,
Cyclamen persicum,Persian Cyclamen
Cyclamen persicum,Persian Cyclamen
Echium plantagineum,purple viper's-bugloss
Allium neapolitanum,Naples garlic
Iris unguicularis,Algerian Iris
Anemonoides blanda,Greek Anemone
Paeonia mascula mascula,
Angiospermae,flowering plants
Tragopogon porrifolius,purple salsify
Umbilicus rupestris,Wall Pennywort
Orchis italica,Naked-man Orchid
Orchis anatolica,Anatolian Orchid
Arbutus andrachne,Greek strawberry-tree
Ruscus aculeatus,butcher's-broom
Quercus coccifera,Kermes oak
Orchis anatolica,Anatolian Orchid
Smilax excelsa,Larger Smilax
Rosularia serrata,Saw-leaved Liveforever
Orchis anatolica,Anatolian Orchid
Orchis anatolica,Anatolian Orchid
Bellevalia trifoliata,
Anemone coronaria,poppy anemone
Euphorbia characias,Mediterranean spurge
Olea europaea,Olive
Orchis italica,Naked-man Orchid
Serapias vomeracea,long-lipped serapias
Lavandula,Lavender
Knautia,
Gnaphalieae,paper daisies
Ophrys fuciflora candica,
Tecomaria capensis,Cape Honeysuckle
Glebionis coronaria,Garland Daisy
Triticum aestivum,Bread Wheat
Cistus salviifolius,Sage-leaved Rock-rose
Phelipanche nana,Dwarf Sorrel Broomrape
Medicago orbicularis,button medick
Trifolium hirtum,Rose Clover
Onobrychis caput-galli,Cockscomb Sainfoin
Trifolium globosum,Roundhead Clover
Vicia monantha,Mediterranean Vetch
Pisum,Peas
Iris unguicularis,Algerian Iris
Iris unguicularis,Algerian Iris
Iris unguicularis,Algerian Iris
Daphne sericea,
Limodorum abortivum,Violet Bird's-nest
Limodorum abortivum,Violet Bird's-nest
Myosotis,Forget-me-nots
Muscari macrocarpum,Yellow Grape-hyacinth
Muscari macrocarpum,Yellow Grape-hyacinth
Muscari macrocarpum,Yellow Grape-hyacinth
Leopoldia comosa,Tassel Hyacinth
Cytinus hypocistis,Yellow Cytinus
Cistus creticus,Hoary Rock-rose
Ferula communis,Giant Fennel
Glebionis coronaria,Garland Daisy
Onosma,
Brassiceae,
Apiaceae,carrot family
Malva sylvestris,Common Mallow
Ophrys sicula,Lesser Yellow Bee Orchid
Ophrys sicula,Lesser Yellow Bee Orchid
Ophrys sicula,Lesser Yellow Bee Orchid
Orchis anatolica,Anatolian Orchid
Papaver rhoeas,common poppy
Anacamptis morio,green-winged orchid
Orchidaceae,orchids
Cyclamen alpinum,Alpine Cyclamen
Carpobrotus,sea figs
Lavandula,Lavender
Euphorbia dendroides,tree spurge
Fritillaria enginiana,
Neotinea maculata,Dense-flowered Orchid
Neotinea maculata,Dense-flowered Orchid
Ficus carica,common fig
Ophrys fuciflora,Late spider-orchid and allies
Serapias vomeracea,long-lipped serapias
Ruscus aculeatus,butcher's-broom
Briza maxima,Greater Quaking Grass
Campanula,bellflowers
Agrostemma,Corncockles
Iris pseudacorus,Yellow Iris
Malva multiflora,Cretan Tree-mallow
Bambusoideae,"bamboos, canes, and allies"
Fumaria capreolata,white ramping-fumitory
Ficus elastica,rubber plant
Anacamptis sancta,Holy Orchid
Anacamptis sancta,Holy Orchid
Medicago orbicularis,button medick
Glebionis coronaria,Garland Daisy
Hirschfeldia incana,Shortpod Mustard
Orobanche pubescens,Hairy Broomrape
Ophrys fuciflora candica,
Anacamptis sancta,Holy Orchid
Anacamptis sancta,Holy Orchid
Ophrys fuciflora candica,
Ophrys fuciflora candica,
Ophrys calypsus,
Fuciflorae,
Fuciflorae,
Gazania rigens,uniform treasureflower
Serapias vomeracea,long-lipped serapias
Knautia integrifolia,Urville´s Widowflower
Anacamptis coriophora,Bug Orchid
Serapias bergonii,
Anacamptis coriophora fragrans,
Poaceae,grasses
Serapias vomeracea,long-lipped serapias
Serapias vomeracea,long-lipped serapias
Cichorioideae,"chicories, dandelions, and allies"
Echium,Viper's-buglosses
Dipsacoideae,Scabious subfamily
Leopoldia,
Asparagaceae,agave and allies
Kalanchoe daigremontiana,Alligator Plant
Silene italica,Italian Catchfly
Tragopogon porrifolius,purple salsify
Glebionis coronaria,Garland Daisy
Vicia cracca,tufted vetch
Vicia bithynica,bithynian vetch
Juniperus phoenicea,
Ferula communis,Giant Fennel
Prasium majus,White Hedge-nettle
Sarcopoterium spinosum,Spiny Burnet
Tragopogon orientalis,Eastern Goat's-beard
Trifolium hirtum,Rose Clover
Polygonum aviculare,Prostrate Knotweed
Tragopogon porrifolius,purple salsify
Erodium malacoides,Soft Stork's-bill
Papaver rhoeas,common poppy
Sonchus asper,prickly sowthistle
Daucus carota,wild carrot
Pinus brutia,Turkish pine
Papaver rhoeas,common poppy
Euryops pectinatus,grey-leaved euryops
Gladiolus italicus,Field Gladiolus
Mentheae,
Opuntia,Prickly Pears
Pallenis spinosa,Spiny Starwort
Cistus creticus,Hoary Rock-rose
Pinus,pines
Echinops sphaerocephalus,Glandular Globe-thistle
Centaurea,knapweeds
Nerium oleander,oleander
Eriobotrya japonica,Loquat
Angiospermae,flowering plants
Magnoliopsida,dicots
Ficus carica,common fig
Plantae,plants
Nerium oleander,oleander
Passiflora caerulea,Bluecrown passionflower
Ricinus communis,castor bean
Fabaceae,legumes
Papaveroideae,
Angiospermae,flowering plants
Plantae,plants
Lantana,
Jacaranda,jacarandas
Brugmansia,angel's trumpets
Plantae,plants
Angiospermae,flowering plants
Plantae,plants
Cichorieae,
Angiospermae,flowering plants
Centaurium erythraea,Common centaury
Magnoliopsida,dicots
Cistus salviifolius,Sage-leaved Rock-rose
Pistacia atlantica,Mount Atlas mastic tree
Medicago orbicularis,button medick
Celtis australis,Nettle tree
Cichorium intybus,chicory
Vicia,Vetches
Cedrus libani,Lebanon cedar
Ferula,
Carduoideae,Thistles and Allies
Ceratonia siliqua,carob tree
Magnoliopsida,dicots
Platanus orientalis,Oriental Plane
Angiospermae,flowering plants
Tracheophyta,vascular plants
Angiospermae,flowering plants
Pinales,conifers
Caryophylleae,
Myrtus communis,myrtle
Aroideae,
Spartium junceum,Spanish Broom
Euphorbia,spurges
Magnoliopsida,dicots
Nerium oleander,oleander
Asteroideae,
Magnoliopsida,dicots
Hydrangea macrophylla,mophead hydrangea
Allium,
Anacamptis pyramidalis,pyramidal orchid
Anacamptis pyramidalis,pyramidal orchid
Anacamptis coriophora fragrans,
Orchis simia,Monkey Orchid
Serapias parviflora,Lesser Tongue-orchid
Limodorum abortivum,Violet Bird's-nest
Polygala,Falsepeas
Spartium junceum,Spanish Broom
Taraxacum officinale,common dandelion
Punica granatum,pomegranate
Vicia monantha,Mediterranean Vetch
Vicia cracca,tufted vetch
Daucus carota,wild carrot
Erodium malacoides,Soft Stork's-bill
Commelina,dayflowers
Convolvulus althaeoides,Mallow Bindweed
Erigeron bonariensis,Flax-leaved Horseweed
Oxalis corniculata,Creeping Woodsorrel
Senecio angulatus,creeping groundsel
Parietaria judaica,pellitory-of-the-wall
Nerium oleander,oleander
Euphorbia helioscopia,Sun spurge
Hydrangea macrophylla,mophead hydrangea
Nerium oleander,oleander
Glebionis coronaria,Garland Daisy
Gasteria,Gasterias
Daucus carota,wild carrot
Anthriscus caucalis,Bur Parsley
Allium ampeloprasum,Wild Leek
Knautia integrifolia,Urville´s Widowflower
Echinops spinosissimus,
Opuntia ficus-indica,Indian fig opuntia
Papaver,poppies
Malvaviscus penduliflorus,Sleeping Hibiscus
Vinca major,greater periwinkle
Corallinales,coralline algae
Liagora ceranoides,
Verbascum thapsus,great mullein
Campsis,trumpet vines
Lantana camara,common lantana
Morus,Mulberries
Nerium oleander,oleander
Nerium oleander,oleander
Plantae,plants
Araucaria,araucarias
Asplenium trichomanes,maidenhair spleenwort
Nigella,Love-in-a-mist
Liagora ceranoides,
Hypericum triquetrifolium,Pyramidal St John's-wort
Tracheophyta,vascular plants
Capparis spinosa,Caper Bush
Tamarix,Tamarisks
Plantae,plants
Canna indica,Indian-shot
Musa,Bananas
Myrtus communis,myrtle
Ericales,"heathers, balsams, primroses, and allies"
Lantana camara,common lantana
Capparis,Capebushes
Capparis spinosa,Caper Bush
Albizia julibrissin,Persian silk tree
Magnoliopsida,dicots
Capparis spinosa,Caper Bush
Magnoliopsida,dicots
Nerium oleander,oleander
Polygonum aviculare,Prostrate Knotweed
Hypericum triquetrifolium,Pyramidal St John's-wort
Pelargonium × hybridum,garden geranium
Cymbalaria muralis,Ivy-leaved toadflax
Lysimachia arvensis,scarlet pimpernel
Malva sylvestris,Common Mallow
Arundo plinii,
Magnoliopsida,dicots
Magnoliopsida,dicots
Opuntia microdasys,Bunny Ears Cactus
Allium cepa,Common Onion
Plantae,plants
Helichrysum,Everlasting-flowers
Glaucium flavum,Yellow Horned Poppy
Limonium sinuatum,Blue statice
Parkinsonia aculeata,retama
Lantana,
Vitex agnus-castus,Lilac chaste tree
Pinus pinea,Stone pine
Erigeron bonariensis,Flax-leaved Horseweed
Poaceae,grasses
Poaceae,grasses
Nerium oleander,oleander
Ficus carica,common fig
Carpobrotus,sea figs
Plantae,plants
Liagoraceae,
Posidonia oceanica,Neptune Grass
Angiospermae,flowering plants
Plantae,plants
Plantae,plants
Fraxinus,ashes
Convolvuleae,
Convolvulus,bindweeds
Convolvulus arvensis,field bindweed
Capparis spinosa,Caper Bush
Quercus,oaks
Crataegus,hawthorns
Melissa officinalis,lemon balm
Daucus carota,wild carrot
Amaranthus retroflexus,Redroot Amaranth
Cichorium intybus,chicory
Ulmus,elms
Torilis arvensis,common hedge parsley
Avena fatua,wild oat
Mentha × piperita,Peppermint
Capparis,Capebushes
Leucaena leucocephala,White leadtree
Nerium oleander,oleander
Cichorium intybus,chicory
Celtis,hackberries
Scorzonera,Viper's-grasses
Sorghum halepense,Johnson grass
Nymphaea,water-lilies
Echinops sphaerocephalus,Glandular Globe-thistle
Catharanthus roseus,Madagascar Periwinkle
Tribulus terrestris,puncture vine
Amaranthus,amaranths
Portulaca oleracea,Common Purslane
Ferula,
Campanula,bellflowers
Rosa,roses
Faboideae,
Linaria,Toadflax
Lotononis,Lotononises
Acantholimon,
Pilosella,Hawkweeds
Magnoliopsida,dicots
Rubioideae,
Magnoliopsida,dicots
Magnoliopsida,dicots
Portulaca grandiflora,moss-rose purslane
Bougainvillea,bougainvilleas
Cynodon dactylon,Bermuda grass
Convolvulus galaticus,
Convolvuleae,
Agave americana,American century plant
Plumbago auriculata,blue plumbago
Parthenocissus,
Agapanthus,agapanthus
Portulaca,purslanes
Nerium oleander,oleander
Ornithogalum,star-of-Bethlehem
Hibiscus rosa-sinensis,Chinese hibiscus
Zinnia elegans,Elegant Zinnia
Hibiscus syriacus,common hibiscus
Fabaceae,legumes
Hibiscus rosa-sinensis,Chinese hibiscus
Campsis radicans,American trumpet vine
Arundo donax,giant reed
Lantana achyranthifolia,Brushland Shrubverbena
Magnoliopsida,dicots
Zinnia elegans,Elegant Zinnia
Quercus coccifera,Kermes oak
Morus nigra,black mulberry
Plantae,plants
Mimosa pudica,Sensitive Plant
Lantana,
Plantae,plants
Plantae,plants
Plantae,plants
Plantae,plants
Plantae,plants
Phlomis fruticosa,Jerusalem Sage
Ornithogalum narbonense,Narbonne Star-of-Bethlehem
Cistus creticus,Hoary Rock-rose
Faboideae,
Quercus coccifera,Kermes oak
Onopordum boissierianum,
Spartium junceum,Spanish Broom
Leopoldia comosa,Tassel Hyacinth
Picnomon acarna,Yellow-spine Thistle
Campanula,bellflowers
Lamiaceae,mint family
Ononis natrix,yellow restharrow
Euphorbia,spurges
Campanula erinus,Small Bellflower
Asphodelus ramosus,Branched Asphodel
Enemion biternatum,false rue anemone
Allium neapolitanum,Naples garlic
Euphorbia dendroides,tree spurge
Allium sphaerocephalon,Round-headed Leek
Euphorbia,spurges
Tracheophyta,vascular plants
Gladiolus italicus,Field Gladiolus
Campanula,bellflowers
Hypericum,St. John's worts
Leopoldia comosa,Tassel Hyacinth
Anacamptis sancta,Holy Orchid
Allium neapolitanum,Naples garlic
Euphorbia dendroides,tree spurge
Ferula,
Tragopogon porrifolius,purple salsify
Asteraceae,"sunflowers, daisies, asters, and allies"
Teucrium chamaedrys,Wall germander
Erophaca,
Bituminaria bituminosa,arabian pea
Cistus creticus,Hoary Rock-rose
Anagyris foetida,Bean Trefoil
Quercus coccifera,Kermes oak
Scorzonerinae,
Pallenis spinosa,Spiny Starwort
Salvia,Sages
Cistaceae,rock-rose family
Tracheophyta,vascular plants
Avena,Oats
Helichrysum stoechas,Shrubby Everlasting
Lagurus ovatus,Hare's Tail Grass
Phalaris caroliniana,Carolina canarygrass
Bromus madritensis,Compact Brome
Centaurium erythraea,Common centaury
Genisteae,"brooms, lupines, and allies"
Cistus salviifolius,Sage-leaved Rock-rose
Erica,Heaths
Onopordum boissierianum,
Notobasis syriaca,Syrian Thistle
Notobasis syriaca,Syrian Thistle
Carduus,plumeless thistles
Glebionis segetum,Corn Marigold
Tordylium apulum,Mediterranean Hartwort
Spartium junceum,Spanish Broom
Sarcopoterium spinosum,Spiny Burnet
Tracheophyta,vascular plants
Lolium,Ryegrasses
Euphorbia,spurges
Verbascum,mulleins
Olea europaea,Olive
Aloe greatheadii,spotted aloe
Quercus coccifera,Kermes oak
Pistacia terebinthus,terebinth
Lavandula stoechas,topped lavender
Juniperus turbinata,Mediterranean juniper
Pancratium maritimum,Sea Daffodil
Pistacia lentiscus,mastic
Blackstonia perfoliata,Yellow-wort
Liagora ceranoides,
Erodium malacoides,Soft Stork's-bill
Plantae,plants
Agave americana,American century plant
Plantae,plants
Plantae,plants
Plantae,plants
Plantae,plants
Crocus,Crocuses
Arbutus andrachne,Greek strawberry-tree
Oxalis pes-caprae,Bermuda buttercup
Euphorbia hypericifolia,graceful spurge
Heliotropium europaeum,European heliotrope
Urospermum picroides,False Hawkbit
Malva sylvestris,Common Mallow
Malva multiflora,Cretan Tree-mallow
Calendula officinalis,pot marigold
Glebionis coronaria,Garland Daisy
Malva sylvestris,Common Mallow
Carthamus lanatus,woolly distaff thistle
Malva parviflora,cheeseweed mallow
Vicia cracca,tufted vetch
Vicia sativa,Common Vetch
Vicia narbonensis,Narbonne Vetch
Pisum sativum,Common Pea
Echinops spinosissimus,
Heliotropium europaeum,European heliotrope
Calendula arvensis,field marigold
